units_sold,price_per_unit,discount_percent,advertising_spend,revenue,gross_sales,discount_amount
100.0,681.83,27.3,29468.6,49569.04,68183.0,18613.959000000003
29.0,355.9,21.0,27155.09,8153.67,10321.099999999999,2167.4309999999996
92.0,244.61,22.7,39769.16,17395.68,22504.120000000003,5108.435240000001
46.0,55.82,20.2,17508.12,2049.04,2567.72,518.67944
97.0,414.25,23.4,14232.77,30779.6,40182.25,9402.646499999999
50.0,219.76,5.6,17889.59,10372.67,10988.0,615.328
89.0,735.22,6.2,3938.61,61377.64,65434.58,4056.94396
70.0,870.28,19.9,47223.61,48796.6,60919.6,12123.000399999997
7.0,527.78,20.4,5523.12,2940.79,3694.46,753.66984
11.0,574.06,13.7,2546.82,5449.55,6314.66,865.1084199999999
25.0,86.33,22.7,23616.56,1668.33,2158.25,489.92275
30.0,825.19,7.7,37943.19,22849.51,24755.7,1906.1889
72.0,229.5,13.9,16395.81,14227.16,16524.0,2296.8360000000002
52.0,476.66,26.7,21747.95,18168.37,24786.32,6617.94744
55.0,509.37,15.9,9059.52,23560.91,28015.35,4454.4406500000005
3.0,570.24,24.5,24846.28,1291.59,1710.72,419.1264
89.0,305.13,4.6,23456.88,25907.37,27156.57,1249.20222
27.0,541.99,24.6,35170.56,11033.83,14633.73,3599.8975800000003
86.0,675.23,5.2,10703.44,55050.15,58069.78,3019.62856
21.0,478.9,26.9,4739.06,7351.59,10056.9,2705.3061
84.0,658.41,17.6,27311.38,45572.51,55306.439999999995,9733.93344
57.0,994.0,3.4,26232.02,54731.63,56658.0,1926.3719999999998
22.0,717.29,27.4,44718.99,11456.56,15780.38,4323.824119999999
52.0,131.61,24.1,32537.31,5194.38,6843.720000000001,1649.3365200000003
70.0,237.87,17.5,34710.33,13736.99,16650.9,2913.9075
67.0,860.14,21.4,32264.82,45296.69,57629.38,12332.687319999999
65.0,761.81,13.3,24400.46,42931.8,49517.649999999994,6585.84745
53.0,926.01,28.2,38858.71,35238.38,49078.53,13840.145459999998
42.0,930.75,23.7,28379.52,29826.81,39091.5,9264.6855
63.0,663.92,1.8,6362.18,41074.07,41826.96,752.8852800000001
89.0,105.11,7.9,45228.49,8615.76,9354.789999999999,739.02841
46.0,422.54,28.6,3622.51,13877.9,19436.84,5558.936240000001
3.0,705.11,23.1,44110.05,1626.69,2115.33,488.64123
98.0,937.32,13.9,21621.55,79089.19,91857.36,12768.17304
70.0,671.8,2.6,35783.33,45803.32,47026.0,1222.6760000000002
72.0,951.57,19.4,39419.9,55221.51,68513.04000000001,13291.52976
10.0,234.69,11.8,10053.92,2069.97,2346.9,276.93420000000003
3.0,936.27,3.8,47088.52,2702.08,2808.81,106.73477999999999
73.0,841.12,22.5,5827.8,47586.36,61401.76,13815.396
52.0,594.48,24.8,31291.0,23246.55,30912.96,7666.4140800000005
40.0,899.74,13.8,14270.13,31023.04,35989.6,4966.5648
55.0,252.36,29.2,29619.11,9826.9,13879.800000000001,4052.9016
74.0,369.88,29.3,4243.73,19351.38,27371.12,8019.73816
64.0,861.25,17.5,23201.35,45474.0,55120.0,9646.0
100.0,495.84,28.0,18816.28,35700.48,49584.0,13883.52
47.0,929.4,19.0,20347.71,35382.26,43681.799999999996,8299.542
39.0,463.84,3.1,17112.66,17528.98,18089.76,560.78256
52.0,876.16,27.2,15717.57,33167.91,45560.32,12392.407039999998
74.0,990.43,13.4,27911.97,63470.72,73291.81999999999,9821.103879999999
38.0,197.54,6.3,4069.69,7033.61,7506.5199999999995,472.9107599999999
96.0,102.48,5.4,31461.2,9306.82,9838.08,531.2563200000001
83.0,256.13,20.7,41845.97,16858.22,21258.79,4400.56953
74.0,455.16,25.3,19753.95,25160.33,33681.840000000004,8521.50552
73.0,675.85,10.1,14384.83,44354.01,49337.05,4983.04205
49.0,632.47,28.2,10294.09,22251.56,30991.030000000002,8739.47046
95.0,243.01,16.3,28880.94,19322.94,23085.95,3763.0098500000004
48.0,263.05,19.2,2984.04,10202.13,12626.400000000001,2424.2688
98.0,231.04,20.4,11878.87,18022.97,22641.92,4618.951679999999
77.0,507.25,29.2,43440.55,27653.24,39058.25,11405.008999999998
59.0,899.87,26.1,10332.07,39235.23,53092.33,13857.09813
25.0,192.18,10.7,32332.03,4290.42,4804.5,514.0814999999999
3.0,138.56,8.2,49303.83,381.59,415.68,34.08575999999999
5.0,852.25,11.1,23986.57,3788.25,4261.25,472.99875
34.0,996.5,2.7,26692.92,32966.21,33881.0,914.7870000000001
44.0,990.1,18.7,10120.44,35417.86,43564.4,8146.5428
39.0,740.04,1.8,14525.19,28342.05,28861.559999999998,519.50808
75.0,373.03,29.5,25017.235,19723.96,27977.249999999996,8253.28875
98.0,224.36,8.3,25098.17,20162.34,21987.280000000002,1824.9442400000003
23.0,371.82,4.8,39968.25,8141.37,8551.86,410.48928
38.0,747.65,14.4,1037.82,24319.56,28410.7,4091.1408
25.0,952.57,5.0,29756.2,22623.54,23814.25,1190.7125
52.0,980.58,3.1,46803.58,47509.1,50990.16,1580.69496
5.0,493.56,18.9,3175.72,2001.39,2467.8,466.4142
57.0,671.82,19.0,42888.83,31017.93,38293.740000000005,7275.810600000001
34.0,766.62,19.1,38034.01,21086.65,26065.08,4978.4302800000005
82.0,564.07,29.1,19456.49,32793.9,46253.740000000005,13459.838340000002
65.0,83.99,2.5,28529.41,5322.87,5459.349999999999,136.48375
59.0,575.83,20.0,13018.93,27179.18,33973.97,6794.794
55.0,263.92,1.5,4489.41,14297.87,14515.6,217.734
6.0,823.91,18.7,27098.82,4019.03,4943.46,924.4270199999999
52.0,729.62,13.2,17216.77,32932.13,37940.24,5008.111679999999
97.0,591.83,21.7,10815.64,44950.08,57407.51,12457.42967
24.0,473.36,23.3,41146.95,8713.61,11360.64,2647.02912
27.0,725.07,29.7,11024.47,13762.55,19576.890000000003,5814.33633
32.0,507.96,24.5,48758.99,12272.31,16254.72,3982.4063999999994
26.0,998.23,4.2,8427.86,24863.91,25953.98,1090.06716
46.0,540.31,12.4,4575.96,21772.33,24854.26,3081.9282399999997
38.0,554.88,18.5,36290.6,17184.63,21085.44,3900.8063999999995
27.0,221.09,3.1,41297.41,5784.38,5969.43,185.05233
5.0,766.57,12.0,2928.25,3372.91,3832.8500000000004,459.94200000000006
4.0,774.65,9.9,32223.28,2791.84,3098.6,306.7614
35.0,768.45,4.2,38680.64,25766.13,26895.75,1129.6215000000002
52.0,839.48,2.5,6493.34,42561.64,43652.96,1091.3239999999998
15.0,586.44,29.8,25017.235,6175.21,8796.6,2621.3868
63.0,316.22,28.9,15080.18,14164.44,19921.86,5757.4175399999995
79.0,155.72,27.9,2368.04,8869.66,12301.88,3432.2245199999993
60.0,125.17,11.1,32019.52,6676.57,7510.2,833.6322
55.0,952.59,25.0,21311.54,39294.34,52392.450000000004,13098.1125
59.0,272.61,24.3,8340.12,12175.58,16083.990000000002,3908.4095700000007
68.0,615.87,13.4,18437.97,36267.35,41879.16,5611.8074400000005
11.0,304.15,22.6,20817.85,2589.53,3345.6499999999996,756.1169
89.0,56.73,20.1,49252.05,4034.13,5048.969999999999,1014.8429699999999
95.0,642.56,2.3,40289.25,59639.21,61043.2,1403.9935999999998
95.0,198.96,14.4,22005.92,16179.43,18901.2,2721.7728
91.0,728.99,1.2,35801.58,65542.03,66338.09,796.05708
6.0,758.72,20.5,12263.36,3619.09,4552.32,933.2256
98.0,598.29,8.7,17481.42,53531.4,58632.42,5101.0205399999995
2.0,529.54,28.7,45648.46,755.12,1059.08,303.95596
88.0,149.0,22.4,37605.06,10174.91,13112.0,2937.0879999999997
4.0,280.62,15.9,8135.81,944.01,1122.48,178.47432
71.0,720.83,8.7,29970.36,46726.36,51178.93,4452.56691
88.0,892.09,20.3,24183.91,62567.62,78503.92,15936.29576
75.0,268.31,2.0,43464.83,19720.78,20123.25,402.465
14.0,562.03,16.1,35076.2,6601.6,7868.42,1266.81562
99.0,873.87,22.4,40884.56,67134.19,86513.13,19378.94112
21.0,757.02,26.4,33550.59,11700.5,15897.42,4196.91888
100.0,461.98,13.8,24396.11,39822.68,46198.0,6375.3240000000005
64.0,144.6,7.4,33806.98,8569.57,9254.4,684.8256
10.0,499.65,23.8,33745.87,3807.33,4996.5,1189.167
23.0,206.59,16.6,20138.62,3962.81,4751.57,788.76062
28.0,816.93,8.7,2636.67,20884.0,22874.039999999997,1990.0414799999996
63.0,92.87,12.2,8789.31,5137.01,5850.81,713.79882
33.0,263.83,12.4,42440.14,7626.8,8706.39,1079.5923599999999
28.0,984.99,18.3,23018.73,22532.63,27579.72,5047.088760000001
79.0,59.05,12.6,41434.79,4077.17,4664.95,587.7837
23.0,592.61,29.6,18504.67,9595.54,13630.03,4034.4888800000003
1.0,558.5,28.1,31608.7,401.56,558.5,156.9385
74.0,444.09,11.6,39432.34,29050.59,32862.659999999996,3812.0685599999997
41.0,979.1,16.6,41625.09,33479.35,40143.1,6663.754600000001
84.0,408.05,16.5,32121.83,28620.63,34276.200000000004,5655.573
52.0,456.38,9.4,48841.18,21500.97,23731.76,2230.78544
34.0,513.66,20.1,34461.04,20116.69,17464.44,3510.35244
92.0,826.45,15.5,45702.54,64248.22,76033.40000000001,11785.177000000001
95.0,538.22,17.2,28154.42,42336.39,51130.9,8794.514799999999
26.0,259.99,29.1,26446.31,4792.66,6759.74,1967.08434
28.0,283.01,0.4,10266.55,7892.58,7924.28,31.697119999999998
94.0,682.21,16.4,48320.1,59702.93,64127.740000000005,10516.94936
19.0,372.08,12.4,27443.37,6192.9,7069.5199999999995,876.6204799999999
65.0,894.93,3.1,9282.11,56367.17,58170.45,1803.28395
12.0,72.48,27.6,2073.4,629.71,869.76,240.05376
64.0,168.39,6.9,27460.81,10033.35,10776.96,743.6102400000001
91.0,283.38,12.5,31457.33,22564.13,25787.579999999998,3223.4475
40.0,163.5,11.6,35682.43,5781.36,6540.0,758.64
34.0,513.66,10.1,9180.65,3764.2,17464.44,1763.90844
75.0,953.48,28.9,10905.78,50844.32,71511.0,20666.679
58.0,102.26,20.4,23574.76,4721.14,5931.08,1209.94032
81.0,416.18,25.5,18674.07,25114.38,33710.58,8596.197900000001
80.0,780.98,9.0,16770.51,56855.34,62478.4,5623.056
78.0,582.08,28.9,30284.83,32280.99,45402.240000000005,13121.247360000001
33.0,366.81,20.4,14194.94,9635.37,12104.73,2469.3649199999995
8.0,502.02,30.0,26526.43,2811.31,4016.16,1204.848
42.0,334.14,6.8,22963.3,13079.58,14033.88,954.3038399999999
43.0,610.68,22.5,49292.52,20350.91,26259.239999999998,5908.328999999999
33.0,288.99,18.4,37108.49,7781.92,9536.67,1754.7472799999998
35.0,343.36,26.6,23234.66,8820.92,12017.6,3196.6816000000003
38.0,710.78,16.3,33730.99,22607.07,27009.64,4402.57132
15.0,890.63,12.4,16491.79,11702.88,13359.45,1656.5718000000002
52.0,252.08,1.0,31755.78,12977.08,13108.16,131.0816
60.0,724.19,4.2,9084.0,41626.44,43451.4,1824.9588
59.0,909.3,10.8,3937.74,47854.64,53648.7,5794.0596
97.0,399.67,18.0,30903.93,31789.75,38767.99,6978.2382
52.0,330.11,25.7,46135.16,12754.13,17165.72,4411.59004
94.0,222.34,20.1,49798.15,16699.07,20899.96,4200.89196
66.0,448.71,12.4,3886.34,25942.62,29614.859999999997,3672.2426399999995
1.0,938.78,27.5,13558.12,680.62,938.78,258.16450000000003
76.0,71.1,21.0,30067.01,4268.84,5403.599999999999,1134.7559999999999
88.0,138.96,25.7,29251.57,9085.76,12228.480000000001,3142.7193600000005
65.0,498.39,20.1,44004.72,25883.88,32395.35,6511.46535
97.0,306.72,27.5,3900.2,21570.08,29751.840000000004,8181.756000000001
64.0,691.23,18.8,32183.81,35921.84,44238.72,8316.87936
84.0,118.08,27.8,34317.52,7161.32,9918.72,2757.4041599999996
80.0,485.78,5.7,43267.45,36647.24,38862.399999999994,2215.1567999999997
49.0,159.36,23.6,40432.48,5965.8,7808.64,1842.83904
87.0,897.47,20.3,25017.235,62229.67,78079.89,15850.21767
54.0,670.81,11.7,46297.01,31985.56,36223.74,4238.17758
76.0,380.7,7.1,11894.89,26878.94,28933.2,2054.2572
26.0,698.31,29.6,4700.82,12781.87,18156.059999999998,5374.193759999999
76.0,432.0,29.8,21418.1,23048.06,32832.0,9783.936
55.0,923.55,7.5,25529.34,46985.61,50795.25,3809.64375
82.0,712.52,10.4,36414.44,52350.27,58426.64,6076.370559999999
53.0,981.66,14.6,43314.16,44431.89,52027.979999999996,7596.085079999999
6.0,171.36,17.7,43668.18,846.18,1028.16,181.98432
35.0,725.02,21.7,36775.61,19869.17,25375.7,5506.5269
86.0,574.31,10.0,44725.05,44451.59,49390.659999999996,4939.066
73.0,513.66,6.9,42439.13,60882.61,37497.18,2587.30542
27.0,230.78,28.0,23204.17,4486.36,6231.06,1744.6968000000002
42.0,725.12,7.6,18054.32,28140.46,30455.04,2314.58304
94.0,795.22,4.5,24374.71,71386.9,74750.68000000001,3363.7806000000005
18.0,374.75,18.1,20300.02,5524.56,6745.5,1220.9355
46.0,249.42,18.6,15877.45,9339.28,11473.32,2134.03752
85.0,111.56,8.3,42457.42,8695.54,9482.6,787.0558000000002
69.0,808.39,16.4,47834.57,48304.54,55778.909999999996,9147.741239999998
20.0,976.03,10.1,18370.67,17549.02,19520.6,1971.5805999999998
95.0,922.44,25.0,25528.28,65723.85,87631.8,21907.95
35.0,815.37,27.4,5298.05,20718.55,28537.95,7819.3983
52.0,748.44,8.8,32735.89,62797.11,38918.880000000005,3424.861440000001
7.0,711.61,13.1,24124.22,4328.72,4981.27,652.54637
98.0,514.53,30.0,30349.28,35296.76,50423.939999999995,15127.181999999999
15.0,715.17,26.0,27581.73,7938.39,10727.55,2789.163
60.0,141.29,17.0,47975.48,7036.24,8477.4,1441.158
18.0,668.44,13.1,48230.54,10455.74,12031.920000000002,1576.1815200000003
5.0,945.49,17.9,10519.95,3881.24,4727.45,846.2135499999999
86.0,998.95,19.3,30820.85,69329.13,85909.7,16580.5721
95.0,609.19,26.4,10010.15,42594.56,57873.05,15278.485200000001
41.0,829.16,11.9,3432.04,29950.09,33995.56,4045.4716399999998
77.0,87.42,5.8,34089.9,6340.92,6731.34,390.41772
52.0,518.16,11.2,6154.81,28067.69,26944.32,3017.7638399999996
97.0,80.18,21.8,31458.98,6081.97,7777.460000000001,1695.4862800000003
67.0,703.02,9.2,24485.96,42768.92,47102.34,4333.415279999999
24.0,524.89,28.7,40646.28,8981.92,12597.36,3615.44232
79.0,801.9,0.4,7136.53,63096.7,63350.1,253.40040000000002
21.0,891.02,23.5,44737.22,14314.24,18711.42,4397.1837
99.0,485.7,12.9,34762.36,41881.43,48084.299999999996,6202.874699999999
92.0,799.3,2.4,49625.06,71770.75,73535.59999999999,1764.8543999999997
4.0,792.1,17.4,18982.66,2617.1,3168.4,551.3016
72.0,989.4,16.1,33193.08,59767.68,71236.8,11469.124800000001
96.0,494.63,14.7,19445.22,40504.26,47484.479999999996,6980.218559999999
5.0,319.45,20.1,19209.83,1276.2,1597.25,321.04725
96.0,876.91,18.9,37772.28,68272.7,84183.36,15910.65504
11.0,59.0,30.0,5472.42,454.3,649.0,194.7
3.0,973.04,25.4,40298.0,2177.66,2919.12,741.4564799999998
82.0,706.45,24.4,31705.94,43794.25,57928.9,14134.6516
89.0,857.95,7.1,39734.39,70936.16,76357.55,5421.38605
94.0,794.11,14.7,2293.9,63673.33,74646.34,10973.01198
78.0,847.04,27.3,2598.55,48032.25,66069.12,18036.86976
73.0,252.71,0.8,2737.75,18300.25,18447.83,147.58264000000003
41.0,397.13,1.1,10890.58,16103.22,16282.33,179.10563000000002
76.0,306.77,23.7,2014.01,17788.98,23314.519999999997,5525.54124
21.0,117.02,0.2,9078.99,2452.51,2457.42,4.914840000000001
92.0,98.76,10.4,10245.65,8140.98,9085.92,944.93568
52.0,812.1,14.0,20995.43,66348.57,42229.200000000004,5912.088000000001
84.0,513.66,1.3,6153.32,33707.08,43147.439999999995,560.9167199999999
5.0,680.16,30.0,5710.44,2380.56,3400.7999999999997,1020.2399999999999
20.0,551.66,26.7,40613.5,8087.34,11033.199999999999,2945.8643999999995
23.0,755.6,22.5,35198.05,13468.57,17378.8,3910.23
50.0,834.94,6.0,47161.89,39242.18,41747.0,2504.82
95.0,367.93,19.4,28457.1,28172.4,34953.35,6780.949899999999
85.0,728.66,13.0,35375.3,53884.41,61936.1,8051.692999999999
75.0,410.21,13.3,14461.85,26673.91,30765.75,4091.84475
54.0,293.11,11.7,22451.24,13976.07,15827.94,1851.86898
67.0,779.66,16.4,6076.72,37819.75,52237.22,8566.90408
10.0,323.51,13.7,42513.54,2791.89,3235.1,443.20869999999996
99.0,314.8,0.5,45916.71,31009.37,31165.2,155.826
32.0,965.87,26.8,10336.17,22624.54,30907.84,8283.30112
47.0,712.1,17.8,45657.6,27511.27,33468.700000000004,5957.428600000001
18.0,688.17,16.9,4417.41,10293.65,12387.06,2093.4131399999997
13.0,361.55,24.3,12438.81,3558.01,4700.150000000001,1142.1364500000002
22.0,735.66,18.6,20764.55,13174.2,16184.519999999999,3010.3207199999997
88.0,779.55,19.6,37541.56,55154.72,68600.4,13445.6784
3.0,138.98,16.4,49709.96,364.82,416.93999999999994,68.37815999999998
49.0,853.28,2.6,12566.69,40723.64,41810.72,1087.07872
30.0,788.63,26.0,42454.92,17507.59,23658.9,6151.314
89.0,686.58,19.1,49836.64,49434.45,61105.62,11671.173420000001
29.0,335.03,28.8,9367.93,6917.7,9715.869999999999,2798.17056
47.0,696.84,22.7,14554.59,25316.89,32751.480000000003,7434.58596
46.0,226.74,15.6,28495.11,8802.95,10430.04,1627.08624
18.0,884.11,5.3,12768.14,15070.54,15913.98,843.44094
52.0,809.4,21.0,1335.49,44120.39,42088.799999999996,8838.648
69.0,274.93,21.7,40194.57,14853.64,18970.170000000002,4116.52689
90.0,180.81,15.5,2317.39,13750.6,16272.9,2522.2994999999996
22.0,503.89,26.8,38778.78,8114.64,11085.58,2970.9354399999997
26.0,416.91,25.0,5521.17,8129.74,10839.66,2709.915
43.0,494.18,1.9,15331.69,20845.99,21249.74,403.74506
18.0,483.39,16.4,37455.43,8318.18,8701.02,1426.96728
69.0,155.25,18.7,2617.88,8709.06,10712.25,2003.1907499999998
28.0,281.63,27.4,28711.53,5724.97,7885.639999999999,2160.6653599999995
68.0,738.47,18.0,14032.8,41177.09,50215.96,9038.872800000001
5.0,717.22,3.0,33832.01,3478.52,3586.1000000000004,107.58300000000001
77.0,219.55,19.3,28519.13,13642.62,16905.350000000002,3262.7325500000006
13.0,318.66,20.3,5268.76,3301.64,4142.58,840.9437399999999
83.0,111.13,6.4,8774.47,8633.47,9223.789999999999,590.32256
30.0,855.93,7.8,40634.54,23675.02,25677.899999999998,2002.8761999999997
22.0,533.06,26.1,4706.55,8666.49,11727.32,3060.8305200000004
49.0,512.11,8.3,33287.27,23010.64,25093.39,2082.75137
26.0,704.02,22.3,36968.12,14222.61,18304.52,4081.9079600000005
27.0,170.19,25.0,23775.47,3446.35,4595.13,1148.7825
1.0,207.96,7.8,11954.7,191.74,207.96,16.22088
76.0,509.09,1.5,30661.94,38110.48,38690.84,580.3625999999999
19.0,459.19,0.3,38263.22,8698.44,8724.61,26.173830000000002
69.0,416.46,10.2,19981.89,25804.69,28735.739999999998,2931.0454799999993
78.0,169.11,22.4,27848.59,10235.89,13190.580000000002,2954.6899200000003
47.0,552.13,28.2,3109.97,18632.18,25950.11,7317.93102
7.0,651.01,27.4,10413.81,3308.43,4557.07,1248.6371799999997
46.0,915.8,13.9,31716.25,36271.17,42126.799999999996,5855.625199999999
39.0,223.13,24.5,26849.15,6570.06,8702.07,2132.00715
64.0,587.3,29.4,47475.84,26536.56,37587.2,11050.6368
59.0,617.0,22.5,40039.24,28212.32,36403.0,8190.675
91.0,843.31,25.5,14056.1,57172.2,76741.20999999999,19569.00855
51.0,290.28,15.9,3054.53,12450.4,14804.279999999999,2353.88052
25.0,308.94,18.0,46202.89,6333.27,7723.5,1390.23
46.0,580.98,17.6,26044.05,22021.47,26725.08,4703.61408
90.0,625.41,8.2,49949.77,51671.37,56286.899999999994,4615.525799999999
60.0,466.55,20.2,35768.64,22338.41,27993.0,5654.585999999999
82.0,844.69,5.3,4066.46,65593.56,69264.58,3671.02274
11.0,467.1,8.6,45575.64,4696.22,5138.1,441.87660000000005
29.0,577.41,20.3,1580.73,13345.68,16744.89,3399.21267
46.0,409.96,10.1,19229.29,16953.49,18858.16,1904.67416
47.0,815.42,23.1,9206.05,29471.73,38324.74,8853.014940000001
91.0,507.49,13.4,1985.49,39993.26,46181.590000000004,6188.333060000001
100.0,230.36,12.8,46018.59,20087.39,23036.0,2948.6079999999997
22.0,318.87,14.1,24770.0,6026.01,7015.14,989.13474
68.0,733.12,15.6,32388.49,42075.22,49852.16,7776.93696
75.0,488.06,22.5,23027.52,28368.49,36604.5,8236.0125
8.0,160.41,19.6,25588.36,1031.76,1283.28,251.52288000000001
93.0,377.59,6.1,5314.68,32973.8,35115.869999999995,2142.06807
57.0,804.92,2.7,9031.79,44641.67,45880.439999999995,1238.77188
7.0,377.45,6.7,34208.15,2465.13,2642.15,177.02405000000002
15.0,770.51,21.3,16274.09,9095.87,11557.65,2461.77945
53.0,234.98,27.3,25912.54,9054.01,12453.939999999999,3399.92562
90.0,642.38,27.2,4649.31,42088.74,57814.2,15725.4624
58.0,559.74,6.7,38276.3,30289.77,32464.920000000002,2175.14964
77.0,513.66,23.8,1124.09,3581.46,39551.82,9413.33316
4.0,705.0,25.3,14394.08,2106.54,2820.0,713.46
89.0,829.7,29.2,5382.01,52281.06,73843.3,21562.243599999998
21.0,991.88,16.9,36137.42,17309.3,20829.48,3520.1821199999995
88.0,117.71,20.8,5605.43,8203.92,10358.48,2154.56384
100.0,112.32,20.7,27366.79,8906.98,11232.0,2325.024
10.0,185.41,28.5,36407.19,1325.68,1854.1,528.4185
12.0,993.28,7.1,18835.04,11073.09,11919.36,846.2745600000001
28.0,254.66,20.8,20601.56,5647.34,7130.48,1483.13984
19.0,913.08,16.4,36048.4,14503.36,17348.52,2845.15728
26.0,554.87,11.6,19204.51,12753.13,14426.62,1673.4879200000003
2.0,504.59,19.2,17572.14,815.42,1009.18,193.76255999999998
40.0,530.6,28.1,10259.26,15260.06,21224.0,5963.944
70.0,107.69,4.3,23639.13,7214.15,7538.3,324.14689999999996
65.0,150.88,16.4,47999.63,8198.82,9807.199999999999,1608.3807999999997
98.0,568.24,27.9,17284.32,40150.7,55687.520000000004,15536.81808
93.0,917.44,29.5,10250.69,60151.95,85321.92,25169.9664
52.0,181.16,7.9,29876.66,8676.11,9420.32,744.20528
39.0,616.72,18.5,29836.71,19602.45,24052.08,4449.634800000001
5.0,598.25,22.6,30133.53,2315.23,2991.25,676.0225
62.0,137.02,17.2,13576.12,7034.06,8495.24,1461.18128
44.0,918.61,8.5,25017.235,36983.24,40418.840000000004,3435.6014
99.0,753.56,14.5,3279.75,63785.09,74602.43999999999,10817.353799999999
80.0,963.58,13.3,1303.67,66833.91,77086.40000000001,10252.491200000002
98.0,68.29,24.4,47232.88,5059.47,6692.420000000001,1632.9504800000002
34.0,443.45,3.2,22262.27,14594.83,15077.3,482.47360000000003
98.0,581.79,20.8,37507.55,45156.21,57015.42,11859.20736
13.0,960.35,22.4,31004.69,9688.01,12484.550000000001,2796.5391999999997
32.0,806.37,27.1,33435.46,18811.0,25803.84,6992.84064
2.0,371.83,29.3,45500.43,525.77,743.66,217.89238
56.0,966.63,12.4,6622.3,47419.0,54131.28,6712.278719999999
38.0,192.01,25.4,28740.0,5443.1,7296.379999999999,1853.2805199999996
84.0,666.2,24.0,11134.61,42530.21,55960.8,13430.592000000002
55.0,86.46,20.1,5037.08,3799.48,4755.299999999999,955.8153
93.0,450.35,15.1,5031.31,35558.28,41882.55,6324.26505
75.0,254.07,28.5,42047.81,13624.5,19055.25,5430.74625
36.0,976.34,23.9,11159.19,26747.81,35148.24,8400.429359999998
95.0,285.26,2.6,2139.07,26395.11,27099.7,704.5922
33.0,407.16,23.0,22459.82,10345.94,13436.28,3090.3444
30.0,973.5,24.2,9530.69,22137.39,29205.0,7067.61
52.0,981.6,26.1,15646.47,64560.81,51043.200000000004,13322.275200000002
57.0,190.34,7.4,45803.04,10046.53,10849.380000000001,802.8541200000001
31.0,710.99,6.2,29925.13,20674.17,22040.69,1366.52278
23.0,977.05,21.2,17662.75,17708.05,22472.149999999998,4764.095799999999
19.0,513.66,18.3,6091.23,12052.52,9759.539999999999,1785.9958199999999
11.0,395.78,10.3,46764.91,3905.16,4353.58,448.41874
61.0,956.3,4.0,38499.53,56000.93,58334.299999999996,2333.372
70.0,970.9,7.2,39368.97,63069.66,67963.0,4893.336
12.0,873.46,15.7,38255.56,8835.92,10481.52,1645.59864
60.0,871.2,23.6,46821.01,39935.81,52272.0,12336.192000000003
65.0,87.7,23.0,16480.7,4389.38,5700.5,1311.115
22.0,155.6,14.4,18832.97,2930.26,3423.2,492.9408
50.0,172.06,29.8,44133.07,6039.31,8603.0,2563.694
51.0,424.71,15.3,44595.12,18346.2,21660.21,3314.01213
98.0,55.09,10.8,7365.71,4815.75,5398.820000000001,583.0725600000001
1.0,111.14,22.2,4795.99,86.47,111.14,24.67308
48.0,238.55,4.2,26627.42,10969.48,11450.400000000001,480.9168000000001
88.0,154.22,24.1,32325.32,10300.66,13571.36,3270.69776
43.0,81.84,10.0,13319.62,3167.21,3519.1200000000003,351.91200000000003
82.0,476.65,0.4,33903.65,38928.96,39085.299999999996,156.3412
84.0,144.29,4.0,1608.75,11635.55,12120.359999999999,484.8144
32.0,496.48,17.4,23236.47,13122.96,15887.36,2764.4006400000003
60.0,797.23,10.5,30760.2,42811.25,47833.8,5022.549
71.0,612.84,28.8,10269.73,30980.29,43511.64,12531.35232
44.0,180.89,11.2,43081.95,7067.73,7959.16,891.4259199999999
51.0,402.17,16.5,36620.68,17126.41,20510.670000000002,3384.2605500000004
28.0,759.08,18.3,40028.78,17364.71,21254.24,3889.5259200000005
56.0,250.27,18.4,21676.4,11436.34,14015.12,2578.78208
83.0,605.37,15.0,26380.4,42708.85,50245.71,7536.8565
48.0,394.64,0.4,22604.74,18866.95,18942.72,75.77088
69.0,934.22,10.5,26306.66,57692.76,64461.18,6768.4239
17.0,295.99,24.4,11684.48,3804.06,5031.83,1227.76652
92.0,592.75,2.5,1568.75,53169.68,54533.0,1363.325
94.0,550.1,29.9,2974.66,36248.29,51709.4,15461.1106
65.0,967.92,20.5,25017.235,50017.27,62914.799999999996,12897.534
33.0,998.53,10.0,35843.02,29656.34,32951.49,3295.1489999999994
26.0,948.28,5.2,25017.235,23373.21,24655.28,1282.07456
20.0,173.18,2.2,13025.55,3387.4,3463.6000000000004,76.1992
36.0,699.05,28.0,49358.41,18119.38,25165.8,7046.424
45.0,357.15,12.6,48232.67,14046.71,16071.749999999998,2025.0404999999996
43.0,969.74,26.9,30337.27,30481.84,41698.82,11216.98258
61.0,272.64,19.3,38467.5,13421.25,16631.04,3209.7907200000004
64.0,574.47,1.6,3662.92,36177.82,36766.08,588.25728
10.0,426.49,23.3,5358.4,3271.18,4264.9,993.7216999999999
68.0,867.59,16.4,29267.54,48612.8,58996.12,9675.36368
7.0,111.11,0.7,11327.03,772.33,777.77,5.444389999999999
44.0,546.08,6.8,10741.39,22393.65,24027.52,1633.87136
36.0,893.49,14.4,5915.79,27533.79,32165.64,4631.85216
47.0,635.58,20.1,9081.93,23867.94,29872.260000000002,6004.324260000001
90.0,517.29,29.2,2042.01,32961.72,46556.1,13594.381199999998
50.0,91.65,19.0,31123.92,3711.82,4582.5,870.675
32.0,979.77,0.5,14143.89,31195.88,31352.64,156.76319999999998
42.0,400.36,1.1,10638.96,16630.15,16815.12,184.96632000000002
88.0,570.86,22.6,38777.03,38882.42,50235.68,11353.26368
100.0,691.14,19.3,42988.19,55775.0,69114.0,13339.002
90.0,320.06,26.2,5146.77,21258.39,28805.4,7547.0148
99.0,754.19,17.5,2308.43,61598.47,74664.81000000001,13066.341750000003
59.0,699.59,14.7,32173.55,35208.27,41275.810000000005,6067.54407
65.0,507.77,21.2,12323.38,26007.98,33005.049999999996,6997.070599999999
72.0,280.28,10.1,45895.25,18141.96,20180.159999999996,2038.1961599999995
27.0,878.21,14.2,34897.16,20344.61,23711.670000000002,3367.0571400000003
14.0,467.15,15.3,32369.47,5539.46,6540.099999999999,1000.6353
67.0,226.88,21.8,2449.97,11887.15,15200.96,3313.80928
44.0,296.85,18.5,44289.02,10645.04,13061.400000000001,2416.3590000000004
40.0,908.65,1.4,28974.42,35837.16,36346.0,508.84399999999994
29.0,789.1,3.0,11051.4,22197.38,22883.9,686.5170000000002
49.0,65.56,22.3,42717.39,2496.07,3212.44,716.37412
2.0,308.79,24.7,1382.14,465.04,617.58,152.54226
19.0,613.52,7.7,10815.76,10759.3,11656.88,897.57976
39.0,239.47,13.5,39128.06,8078.52,9339.33,1260.80955
33.0,636.56,28.8,12344.01,14956.61,21006.48,6049.866239999999
76.0,818.2,9.5,24672.37,56275.8,62183.200000000004,5907.404
75.0,671.88,9.2,26657.01,45755.03,50391.0,4635.972
24.0,195.61,15.0,42912.38,3990.44,4694.64,704.196
30.0,444.43,27.8,27487.69,9626.35,13332.9,3706.5461999999998
99.0,84.41,21.6,43145.3,6551.57,8356.59,1805.0234400000002
37.0,178.61,16.7,31747.52,5504.94,6608.570000000001,1103.63119
74.0,497.23,21.6,29819.27,28847.3,36795.020000000004,7947.724320000001
98.0,78.42,9.6,5137.32,6947.38,7685.16,737.77536
16.0,110.82,18.5,26688.84,1445.09,1773.12,328.0272
99.0,104.23,19.8,17450.8,8275.65,10318.77,2043.1164600000002
19.0,174.0,15.3,28410.18,2800.18,3306.0,505.81800000000004
81.0,327.68,25.0,35739.04,19906.56,26542.08,6635.52
60.0,380.26,29.2,11707.53,16153.44,22815.6,6662.155199999999
35.0,577.27,23.0,48792.77,15557.43,20204.45,4647.0235
39.0,143.58,24.6,4138.81,4222.11,5599.620000000001,1377.5065200000004
43.0,952.9,20.6,26291.53,32533.91,40974.7,8440.788199999999
79.0,513.66,25.4,35200.24,47091.21,40579.14,10307.10156
74.0,239.97,21.0,38559.18,14028.65,17757.78,3729.1338
50.0,796.56,16.4,25401.7,31663.26,39828.0,6531.7919999999995
66.0,158.96,20.5,17442.68,8340.63,10491.36,2150.7288
56.0,614.77,17.1,45529.96,28540.08,34427.119999999995,5887.03752
14.0,784.19,9.2,18980.03,9968.62,10978.66,1010.03672
77.0,411.6,23.6,11749.27,24213.6,31693.2,7479.5952
8.0,562.88,29.9,21963.74,3156.63,4503.04,1346.4089599999998
4.0,139.81,23.5,42148.39,427.82,559.24,131.4214
44.0,284.78,27.8,42123.04,9046.89,12530.32,3483.42896
59.0,911.85,13.5,3360.52,46536.26,53799.15,7262.88525
54.0,100.07,19.7,12669.45,4339.24,5403.78,1064.5446599999998
94.0,699.95,9.9,18447.63,59281.57,65795.3,6513.734700000001
31.0,148.99,15.3,9184.48,3912.03,4618.6900000000005,706.6595700000001
51.0,104.67,1.8,6229.82,5242.08,5338.17,96.08706000000001
62.0,604.03,11.4,3895.48,33180.58,37449.86,4269.2840400000005
13.0,356.6,16.4,43841.67,3286.78,4635.8,760.2711999999999
21.0,704.16,16.4,24034.93,13560.01,14787.359999999999,2425.12704
76.0,630.09,17.4,47543.81,39554.53,47886.840000000004,8332.310159999999
67.0,881.76,20.4,20851.42,47026.02,59077.92,12051.89568
51.0,723.46,16.9,1551.3,30660.96,36896.46,6235.501739999999
4.0,325.91,2.7,20295.48,1268.44,1303.64,35.198280000000004
67.0,274.33,12.6,41942.26,16064.22,18380.11,2315.89386
21.0,614.19,25.0,34370.35,9673.49,12897.990000000002,3224.4975000000004
23.0,145.51,29.2,4196.9,2369.48,3346.7299999999996,977.2451599999999
60.0,774.74,29.7,42130.33,32678.53,46484.4,13805.8668
67.0,865.84,25.4,14396.07,43276.41,58011.28,14734.865119999999
90.0,355.42,8.0,35787.3,29428.78,31987.800000000003,2559.0240000000003
48.0,115.94,25.3,32607.19,4157.14,5565.12,1407.97536
85.0,290.78,15.3,17443.66,20934.71,24716.3,3781.5939000000003
11.0,833.14,10.5,37512.03,8202.26,9164.539999999999,962.2766999999999
52.0,604.36,26.9,6649.63,22972.93,31426.72,8453.787680000001
12.0,252.66,12.7,3330.97,2646.87,3031.92,385.05384
52.0,762.69,27.8,43938.13,24229.14,39659.880000000005,11025.446640000002
5.0,189.67,29.0,49768.94,673.33,948.3499999999999,275.0215
14.0,249.2,28.6,13825.21,2491.0,3488.7999999999997,997.7968
64.0,154.71,0.9,17834.66,9812.33,9901.44,89.11296
75.0,172.5,18.1,6154.3,10595.81,12937.5,2341.6875000000005
16.0,208.45,4.8,47173.69,3175.11,3335.2,160.0896
95.0,842.94,13.6,6069.44,69188.52,80079.3,10890.7848
63.0,507.48,16.9,2277.29,26568.1,31971.24,5403.13956
21.0,418.16,1.9,23546.88,8614.51,8781.36,166.84583999999998
52.0,584.28,21.3,45145.18,28509.36,30382.559999999998,6471.485279999999
70.0,792.76,26.0,46108.11,41064.97,55493.2,14428.232
27.0,348.14,24.3,19412.75,7115.63,9399.779999999999,2284.1465399999997
86.0,131.38,0.1,10323.74,11287.38,11298.68,11.298680000000001
99.0,752.93,10.9,20900.58,66415.2,74540.06999999999,8124.867629999999
9.0,480.57,17.9,43031.38,3550.93,4325.13,774.1982699999999
71.0,680.19,28.0,4126.67,34771.31,48293.490000000005,13522.177200000002
7.0,325.98,12.5,45375.83,1996.63,2281.86,285.2325
55.0,630.59,2.6,2650.06,33780.71,34682.450000000004,901.7437000000001
29.0,493.25,6.2,41278.55,13417.39,14304.25,886.8635
66.0,847.78,28.6,23351.62,39950.78,55953.479999999996,16002.69528
74.0,945.68,9.9,23035.91,63052.27,69980.31999999999,6928.05168
96.0,860.84,21.1,47442.03,65203.46,82640.64,17437.175040000002
68.0,654.21,20.6,44603.98,35322.11,44486.28,9164.17368
37.0,326.29,9.8,16177.86,10889.6,12072.730000000001,1183.1275400000002
3.0,198.59,16.2,48414.25,499.26,595.77,96.51474
71.0,513.66,6.6,21938.29,22458.56,36469.86,2407.01076
40.0,522.97,21.4,5191.44,16442.18,20918.800000000003,4476.6232
77.0,694.63,15.0,43528.68,45463.53,53486.51,8022.976500000001
44.0,220.32,26.2,31746.84,7154.23,9694.08,2539.84896
45.0,316.86,7.8,18621.84,13146.52,14258.7,1112.1786
89.0,858.62,7.9,41075.88,70380.22,76417.18000000001,6036.95722
18.0,604.76,12.2,15860.65,9557.63,10885.68,1328.05296
74.0,417.78,12.7,10187.64,26989.42,30915.719999999998,3926.2964399999996
29.0,865.77,22.5,21312.39,19458.18,25107.329999999998,5649.1492499999995
81.0,953.72,17.3,25017.235,63886.84,77251.32,13364.478360000001
64.0,396.76,4.8,39123.87,24173.79,25392.64,1218.84672
74.0,549.68,28.3,1064.52,29164.92,40676.32,11511.39856
94.0,225.48,23.9,48472.21,16129.49,21195.12,5065.63368
69.0,875.03,19.7,11186.58,48482.79,60377.07,11894.28279
67.0,180.24,14.6,46590.85,10312.97,12076.08,1763.1076799999998
61.0,170.85,5.0,39061.33,9900.76,10421.85,521.0925
76.0,105.38,29.9,39885.68,5614.22,8008.879999999999,2394.6551199999994
4.0,539.18,16.8,39534.41,1794.39,2156.72,362.32896
70.0,566.37,17.3,42587.4,32787.16,39645.9,6858.7407
71.0,732.46,14.4,23825.87,44515.99,52004.66,7488.67104
34.0,635.77,11.7,29522.35,19087.09,21616.18,2529.0930599999997
37.0,666.11,1.5,49341.59,24276.38,24646.07,369.69104999999996
80.0,81.21,9.2,26985.55,5899.09,6496.799999999999,597.7055999999999
91.0,640.65,23.5,39266.54,44598.85,58299.15,13700.300250000002
8.0,513.66,16.8,6672.67,1023.09,4109.28,690.3590399999999
88.0,203.67,8.6,24590.25,16381.59,17922.96,1541.3745599999997
77.0,94.3,23.4,11231.11,5562.0,7261.099999999999,1699.0973999999999
51.0,465.62,26.5,44997.52,17453.77,23746.62,6292.854299999999
38.0,74.22,21.8,40257.55,2205.52,2820.36,614.83848
26.0,935.37,8.0,25017.235,22374.05,24319.62,1945.5695999999998
36.0,410.4,27.1,32938.3,10770.54,14774.4,4003.8624
38.0,174.12,28.5,30518.33,4730.84,6616.56,1885.7196000000001
3.0,859.14,4.5,23825.87,2461.44,2577.42,115.98389999999999
93.0,653.88,7.0,45945.33,56554.08,60810.84,4256.7588
48.0,521.63,3.3,30713.36,24211.98,25038.239999999998,826.2619199999999
51.0,513.66,6.9,3274.45,32501.22,26196.66,1807.56954
59.0,947.9,16.3,12662.5,46810.15,55926.1,9115.954300000001
36.0,938.34,16.4,44086.17,27463.34,33780.24,5539.959359999999
50.0,486.48,14.9,8815.41,20699.72,24324.0,3624.2760000000003
76.0,859.42,0.8,9839.25,64793.39,65315.92,522.52736
74.0,645.56,5.5,2509.29,45144.01,47771.439999999995,2627.4292
63.0,99.9,12.6,34167.27,5500.69,6293.700000000001,793.0062000000001
60.0,728.18,3.9,21308.88,41986.86,43690.799999999996,1703.9411999999998
24.0,857.77,19.1,16058.72,16654.46,20586.48,3932.0176800000004
46.0,72.56,6.9,8186.32,3107.45,3337.76,230.30544
24.0,640.79,24.8,20178.71,11564.98,15378.96,3813.9820799999998
10.0,936.63,0.1,36365.01,9356.93,9366.3,9.3663
38.0,364.33,28.2,29850.82,9940.38,13844.539999999999,3904.16028
22.0,212.94,26.0,12123.78,3466.66,4684.68,1218.0168
79.0,634.96,27.2,18781.02,36517.82,50161.840000000004,13644.02048
51.0,82.68,18.7,39587.43,3428.16,4216.68,788.5191599999999
36.0,93.59,20.1,33038.32,2692.02,3369.2400000000002,677.2172400000002
44.0,361.48,1.0,6668.53,15746.07,15905.12,159.0512
81.0,661.89,3.7,6176.36,51629.41,53613.09,1983.6843299999998
17.0,260.97,28.1,37526.53,3189.84,4436.490000000001,1246.65369
11.0,111.25,23.2,32170.82,939.84,1223.75,283.91
70.0,385.65,2.3,45904.02,26374.6,26995.5,620.8965
88.0,891.96,27.2,3388.55,57142.53,78492.48000000001,21349.954560000002
49.0,603.14,24.4,1737.93,22342.72,29553.86,7211.14184
2.0,851.14,20.9,27563.2,1346.5,1702.28,355.77651999999995
23.0,538.84,3.3,32148.9,11984.34,12393.320000000002,408.97956000000005
27.0,759.78,10.9,25599.53,18278.03,20514.059999999998,2236.0325399999997
46.0,702.81,17.8,25780.72,26574.65,32329.26,5754.6082799999995
52.0,639.04,20.5,25082.48,4572.33,33230.08,6812.1664
11.0,868.45,24.7,3888.23,7193.37,9552.95,2359.5786500000004
3.0,349.93,24.1,46756.29,796.79,1049.79,252.99939000000003
80.0,371.54,18.4,10193.93,24254.13,29723.2,5469.0688
69.0,771.16,16.1,28879.08,44643.22,53210.04,8566.81644
8.0,817.43,27.5,3526.92,4741.09,6539.44,1798.3459999999998
60.0,513.66,15.2,10538.28,9034.76,30819.6,4684.5792
1.0,249.08,11.1,21329.04,221.43,249.08,27.64788
16.0,104.97,15.0,29657.53,1427.59,1679.52,251.928
11.0,813.28,6.7,3112.12,8346.69,8946.08,599.3873600000001
87.0,599.84,5.6,16984.11,49263.66,52186.08,2922.42048
35.0,749.55,12.7,17396.26,22902.5,26234.25,3331.74975
39.0,919.33,16.5,37169.67,29937.98,35853.87,5915.888550000001
43.0,363.92,1.1,8424.83,15476.43,15648.560000000001,172.13416
73.0,503.07,27.5,4985.53,26624.98,36724.11,10099.13025
73.0,366.14,9.8,21789.32,24108.85,26728.219999999998,2619.3655599999997
42.0,60.52,14.9,27722.48,2163.11,2541.84,378.73416000000003
16.0,805.4,28.0,35681.13,9278.21,12886.4,3608.192
92.0,626.41,27.7,13451.76,41666.29,57629.719999999994,15963.432439999997
14.0,934.87,12.1,37048.58,11504.51,13088.18,1583.66978
50.0,797.0,10.4,41829.96,35705.6,39850.0,4144.4
12.0,888.92,5.5,23376.11,10080.35,10667.039999999999,586.6872
55.0,176.58,22.5,36010.32,7526.72,9711.900000000001,2185.1775000000002
22.0,925.87,0.7,32464.56,20226.56,20369.14,142.58398
93.0,172.5,12.1,14740.51,14101.36,16042.5,1941.1425
99.0,217.76,4.1,40715.75,20674.35,21558.239999999998,883.8878399999999
84.0,432.53,20.6,36949.37,28848.02,36332.52,7484.49912
81.0,743.67,2.4,25162.33,58791.58,60237.27,1445.6944799999997
95.0,860.02,15.0,26062.52,69446.61,81701.9,12255.285
40.0,342.62,1.2,30971.42,13540.34,13704.8,164.45759999999999
23.0,101.32,4.2,45931.34,2232.48,2330.3599999999997,97.87511999999998
74.0,470.97,10.4,16876.0,31227.19,34851.78,3624.5851199999997
19.0,406.43,13.8,49141.65,6656.51,7722.17,1065.65946
60.0,738.65,4.7,42719.37,42236.01,44319.0,2082.9930000000004
49.0,533.52,0.0,24871.24,26142.48,26142.48,0.0
20.0,450.0,15.2,21380.89,7632.0,9000.0,1368.0
63.0,263.2,6.4,30795.56,15520.38,16581.6,1061.2223999999999
56.0,834.3,17.6,15497.44,38497.94,46720.799999999996,8222.8608
88.0,658.94,27.7,20042.22,41924.4,57986.72,16062.321440000002
57.0,830.83,20.4,25355.51,37696.42,47357.310000000005,9660.89124
25.0,893.38,24.4,6888.73,16884.88,22334.5,5449.6179999999995
33.0,494.93,3.7,32694.55,15728.38,16332.69,604.30953
1.0,132.91,15.9,49411.55,111.78,132.91,21.132689999999997
56.0,998.97,17.9,4572.71,45928.64,55942.32,10013.67528
95.0,351.11,15.8,43738.57,28085.29,33355.450000000004,5270.161100000001
79.0,710.92,29.5,32102.67,39594.69,56162.68,16567.9906
19.0,214.75,8.8,35938.82,3721.19,4080.25,359.06200000000007
97.0,685.0,24.5,2822.57,50165.98,66445.0,16279.025
40.0,504.57,9.1,33868.73,18346.17,20182.8,1836.6347999999998
79.0,963.05,19.4,39577.09,61321.25,76080.95,14759.7043
70.0,513.66,16.1,9394.81,37905.52,35956.2,5788.9482
20.0,485.36,22.2,37022.22,7552.2,9707.2,2154.9984
91.0,208.21,16.8,41030.86,15764.0,18947.11,3183.11448
77.0,254.84,7.5,21278.04,18150.98,19622.68,1471.701
64.0,72.72,9.8,24617.26,4197.98,4654.08,456.09984000000003
58.0,399.04,13.7,19625.65,19973.55,23144.32,3170.77184
60.0,261.94,17.8,17809.66,12918.88,15716.4,2797.5191999999997
21.0,137.04,27.1,43153.38,2097.95,2877.8399999999997,779.89464
91.0,511.68,4.8,42396.14,44327.86,46562.88,2235.01824
95.0,617.84,27.1,40212.2,42788.51,58694.8,15906.2908
71.0,432.6,15.3,31009.88,26015.27,30714.600000000002,4699.3338
61.0,181.75,24.5,42187.51,8370.5,11086.75,2716.25375
61.0,826.8,15.1,44462.58,42819.15,50434.799999999996,7615.654799999998
7.0,759.17,20.7,32003.91,4214.15,5314.19,1100.0373299999999
100.0,446.87,26.2,29122.67,32979.01,44687.0,11707.993999999999
25.0,856.24,8.2,20304.93,19650.71,21406.0,1755.292
34.0,506.73,18.9,23888.68,13972.57,17228.82,3256.24698
52.0,717.39,5.1,48513.04,35401.76,37304.28,1902.5182799999998
14.0,465.38,22.8,38433.61,5029.83,6515.32,1485.49296
1.0,815.51,14.3,28854.93,698.89,815.51,116.61793
55.0,477.86,13.1,41639.52,22839.32,26282.3,3442.9813
9.0,697.98,6.9,5483.65,5848.37,6281.82,433.44557999999995
76.0,513.85,22.0,3042.69,30461.03,39052.6,8591.572
21.0,84.98,13.4,30279.07,1545.45,1784.5800000000002,239.13372000000004
42.0,110.8,6.6,5321.64,4346.46,4653.599999999999,307.13759999999996
50.0,853.09,17.7,3291.47,35104.65,42654.5,7549.846500000001
95.0,970.45,10.0,29948.38,82973.48,92192.75,9219.275
18.0,113.88,27.5,2438.4,1486.13,2049.84,563.706
2.0,989.15,11.0,34229.66,1760.69,1978.3,217.613
17.0,626.29,2.4,3203.19,10391.4,10646.93,255.52632000000003
43.0,514.84,5.6,42061.2,20898.39,22138.120000000003,1239.7347200000002
33.0,461.89,26.6,44442.17,11187.9,15242.369999999999,4054.47042
1.0,786.51,0.0,6465.63,786.51,786.51,0.0
4.0,471.77,22.8,41884.9,1456.83,1887.08,430.25424
22.0,644.31,11.1,22283.64,12601.41,14174.82,1573.4050199999997
86.0,397.79,20.7,32863.41,27128.48,34209.94,7081.45758
56.0,431.91,27.5,46601.25,17535.55,24186.960000000003,6651.414000000001
37.0,316.61,2.5,47930.21,11421.71,11714.57,292.86424999999997
49.0,497.38,28.3,23679.7,17474.45,24371.62,6897.16846
21.0,59.36,16.6,42108.05,1039.63,1246.56,206.92896000000002
30.0,584.63,0.2,42461.03,17503.82,17538.9,35.0778
53.0,311.91,14.2,27712.57,14183.8,16531.23,2347.43466
67.0,83.43,27.4,9614.33,4058.2,5589.81,1531.6079399999999
19.0,983.17,23.1,32639.98,14365.1,18680.23,4315.13313
20.0,643.69,16.4,48802.66,9539.49,12873.800000000001,2111.3032000000003
77.0,640.19,0.4,10943.12,49097.45,49294.630000000005,197.17852000000002
93.0,365.05,4.4,18000.98,32455.87,33949.65,1493.7846000000002
90.0,990.61,17.8,32065.88,73285.33,89154.9,15869.5722
57.0,77.19,11.3,45630.38,3902.65,4399.83,497.18079000000006
15.0,428.51,18.2,16394.67,5257.82,6427.65,1169.8323
80.0,166.04,4.2,37495.44,12725.31,13283.199999999999,557.8943999999999
3.0,990.49,22.1,22381.13,2314.78,2971.4700000000003,656.69487
100.0,572.18,27.0,38694.84,41769.14,57217.99999999999,15448.859999999997
6.0,418.06,8.0,7329.25,2307.69,2508.36,200.6688
58.0,710.14,11.3,6334.21,36533.86,41188.12,4654.257560000001
1.0,342.32,3.1,2096.04,331.71,342.32,10.61192
39.0,952.86,5.6,23246.53,35080.49,37161.54,2081.0462399999997
13.0,198.37,26.8,23184.38,1887.69,2578.81,691.1210800000001
19.0,159.85,15.3,24951.99,2572.47,3037.15,464.68395000000004
81.0,170.02,14.7,25017.235,11747.19,13771.62,2024.4281400000002
93.0,781.57,27.1,30843.98,52988.1,72686.01000000001,19697.908710000003
37.0,759.33,10.7,38593.3,25089.02,28095.210000000003,3006.1874700000003
35.0,209.63,6.8,27423.66,6838.13,7337.05,498.9194
90.0,787.18,16.4,24304.27,54551.57,70846.2,11618.7768
67.0,422.24,24.0,45185.09,21500.46,28290.08,6789.6192
81.0,739.53,4.7,15101.0,57086.54,59901.93,2815.39071
57.0,65.06,0.3,40986.06,3697.29,3708.42,11.12526
20.0,641.94,27.7,29768.2,9282.45,12838.800000000001,3556.3476
6.0,308.57,19.5,33025.28,1490.39,1851.42,361.0269
52.0,309.86,14.7,47923.95,9779.49,16112.720000000001,2368.56984
48.0,723.9,20.6,13836.28,27589.28,34747.2,7157.923199999999
54.0,253.28,13.1,20899.86,11885.42,13677.12,1791.70272
9.0,924.12,11.7,43969.73,7343.98,8317.08,973.09836
30.0,829.27,6.6,2830.16,23236.15,24878.1,1641.9546
5.0,574.24,12.6,27514.87,2509.43,2871.2,361.77119999999996
61.0,840.15,16.0,15140.82,43049.29,51249.15,8199.864
68.0,775.45,0.4,30508.2,52519.68,52730.600000000006,210.92240000000004
37.0,231.04,2.4,30116.54,8343.32,8548.48,205.16351999999998
72.0,800.97,18.3,5304.76,47116.26,57669.840000000004,10553.580720000002
31.0,549.92,1.2,9263.26,16842.95,17047.52,204.57024
84.0,516.14,24.0,30907.04,32950.38,43355.76,10405.3824
25.0,459.38,4.4,26407.74,10979.18,11484.5,505.31800000000004
91.0,966.01,12.5,17501.03,76918.55,87906.91,10988.36375
7.0,459.18,7.4,19623.39,2976.4,3214.26,237.85524
64.0,709.14,29.4,45413.47,32041.78,45384.96,13343.178240000001
44.0,462.45,16.1,29481.22,17071.8,20347.8,3275.9958
77.0,437.44,6.6,18705.45,31459.81,33682.88,2223.0700799999995
85.0,466.87,9.9,42105.82,35755.24,39683.95,3928.71105
7.0,50.72,23.2,47222.76,272.67,355.03999999999996,82.36927999999997
70.0,697.17,16.9,34532.95,40554.38,48801.899999999994,8247.521099999998
99.0,493.3,10.3,2224.75,43806.52,48836.700000000004,5030.1801000000005
94.0,178.0,18.0,6201.29,13720.24,16732.0,3011.76
54.0,333.39,6.8,13180.83,16778.85,18003.059999999998,1224.2080799999997
21.0,956.09,0.3,38643.32,20017.66,20077.89,60.23366999999999
72.0,854.61,10.9,20370.62,54824.94,61531.92,6706.97928
57.0,576.48,10.3,1305.66,29474.85,32859.36,3384.5140800000004
98.0,135.83,13.1,26936.87,11567.55,13311.340000000002,1743.7855400000003
54.0,946.0,25.3,19887.81,38159.75,51084.0,12924.252
41.0,889.48,9.9,26328.65,32858.28,36468.68,3610.3993200000004
17.0,612.0,11.4,32706.55,9217.94,10404.0,1186.056
16.0,157.38,13.4,5919.85,2180.66,2518.08,337.42271999999997
70.0,856.59,22.3,23357.6,46589.93,59961.3,13371.369900000002
8.0,280.46,10.6,14389.36,2005.85,2243.68,237.83007999999998
55.0,393.97,26.2,38493.07,15991.24,21668.350000000002,5677.1077000000005
15.0,124.2,27.2,45777.48,1356.26,1863.0,506.736
93.0,224.94,5.8,41735.51,19706.09,20919.42,1213.3263599999998
75.0,212.86,4.8,12275.99,15198.2,15964.500000000002,766.296
54.0,548.08,27.7,3300.44,21398.14,29596.320000000003,8198.18064
36.0,554.75,12.4,38420.46,17494.6,19971.0,2476.404
65.0,747.74,9.9,14337.66,43791.39,48603.1,4811.7069
99.0,219.51,19.2,3424.72,17559.04,21731.489999999998,4172.44608
62.0,485.23,22.2,10177.59,23405.55,30084.260000000002,6678.705720000001
96.0,145.06,6.2,44266.81,13062.36,13925.76,863.39712
20.0,719.24,17.7,42633.15,11838.69,14384.8,2546.1096
53.0,168.12,4.6,40784.89,8500.48,8910.36,409.87656000000004
89.0,877.03,25.2,20129.32,58385.64,78055.67,19670.02884
6.0,382.28,21.2,48753.36,1807.42,2293.68,486.26016
13.0,832.04,22.8,37801.65,8350.35,10816.52,2466.16656
36.0,771.64,16.1,35562.76,23306.61,27779.04,4472.425440000001
91.0,538.89,0.4,24727.53,48842.83,49038.99,196.15596000000002
23.0,793.42,13.9,27948.53,15712.1,18248.66,2536.56374
90.0,727.14,18.4,38035.28,53401.16,65442.6,12041.4384
24.0,686.14,23.7,2742.15,12564.6,16467.36,3902.76432
54.0,408.45,17.6,26986.29,18174.39,22056.3,3881.9088
20.0,122.92,21.5,7630.49,1929.84,2458.4,528.556
40.0,769.7,29.3,11144.3,21767.12,30788.0,9020.884
37.0,233.2,28.7,19152.77,6152.05,8628.4,2476.3507999999997
61.0,141.4,29.6,16065.89,6072.28,8625.4,2553.1184
39.0,409.33,0.5,5227.68,15884.05,15963.869999999999,79.81935
26.0,931.02,14.9,28858.42,20599.75,24206.52,3606.77148
10.0,263.69,6.9,25405.42,2454.95,2636.9,181.9461
45.0,785.67,29.4,38287.16,24960.74,35355.15,10394.4141
41.0,296.13,8.3,39631.54,11133.6,12141.33,1007.73039
22.0,784.21,6.5,30293.3,16131.2,17252.620000000003,1121.4203000000002
56.0,670.64,22.2,32857.1,29218.44,37555.84,8337.39648
78.0,578.11,17.4,17199.39,37246.47,45092.58,7846.10892
18.0,680.28,11.3,13629.3,10861.35,12245.039999999999,1383.68952
82.0,846.19,6.3,39137.58,65016.16,69387.58,4371.41754
47.0,177.04,12.5,46656.95,7280.77,8320.88,1040.11
11.0,224.58,7.5,17245.54,2285.1,2470.38,185.2785
48.0,475.2,21.9,14143.24,17814.3,22809.6,4995.3024
9.0,964.5,14.5,29189.62,7421.83,8680.5,1258.6725
35.0,139.17,17.2,41426.81,4033.15,4870.95,837.8034
58.0,129.49,7.6,17279.0,6939.63,7510.42,570.79192
25.0,319.25,21.2,29063.95,6289.22,7981.25,1692.025
21.0,204.74,8.8,8003.34,3921.18,4299.54,378.35952000000003
28.0,616.27,28.2,9700.11,12389.49,17255.559999999998,4866.067919999999
6.0,996.32,26.2,43408.79,4411.7,5977.92,1566.2150399999998
82.0,527.79,23.3,2409.2,33194.82,43278.78,10083.95574
47.0,782.57,16.4,42168.02,34647.5,36780.79,6032.04956
78.0,480.25,14.5,10768.85,32027.87,37459.5,5431.6275
15.0,797.47,0.6,11296.81,11890.28,11962.050000000001,71.7723
8.0,360.16,21.7,17549.48,2256.04,2881.28,625.2377600000001
96.0,958.06,8.4,47405.21,84247.96,91973.76,7725.795840000001
36.0,790.45,16.0,4011.91,23903.21,28456.2,4552.992
92.0,634.07,8.4,39898.42,53434.35,58334.44,4900.09296
93.0,280.3,24.9,9543.76,19576.99,26067.9,6490.907099999999
49.0,251.58,17.1,22720.96,10219.43,12327.42,2107.98882
65.0,165.84,5.7,7877.49,10165.16,10779.6,614.4372
2.0,144.66,26.3,14657.32,213.23,289.32,76.09116
20.0,504.97,29.1,47516.36,7160.47,10099.400000000001,2938.9254000000005
73.0,679.69,25.3,29378.73,37064.18,49617.37,12553.19461
59.0,477.95,7.8,16230.96,25999.52,28199.05,2199.5259
72.0,437.22,12.9,3158.21,27418.94,31479.840000000004,4060.8993600000003
60.0,938.14,2.9,15472.33,54656.04,56288.4,1632.3636
9.0,718.18,11.4,30789.96,5726.77,6463.62,736.85268
32.0,538.25,23.6,12217.63,13159.14,17224.0,4064.864
53.0,942.46,5.4,18512.01,47253.06,49950.380000000005,2697.32052
29.0,260.76,19.7,8279.19,6072.32,7562.04,1489.72188
90.0,382.01,9.4,2856.6,31149.1,34380.9,3231.8046000000004
71.0,451.49,23.9,9795.17,24394.46,32055.79,7661.333809999999
98.0,59.71,25.2,30766.44,4376.98,5851.58,1474.59816
34.0,852.56,23.9,19155.6,22059.14,28987.039999999997,6927.9025599999995
4.0,121.85,6.4,35920.34,456.21,487.4,31.1936
46.0,443.01,4.3,22228.15,19502.19,20378.46,876.27378
65.0,550.52,16.4,43130.23,26265.31,35783.799999999996,5868.543199999998
89.0,50.09,0.9,29579.35,4417.89,4458.01,40.12209
27.0,671.74,4.4,33320.82,17338.95,18136.98,798.02712
91.0,420.68,6.9,10265.97,35640.43,38281.88,2641.44972
48.0,412.36,16.0,21430.75,16626.36,19793.28,3166.9248
45.0,92.48,13.1,10970.17,3616.43,4161.6,545.1696000000001
28.0,546.42,1.1,37858.22,15131.46,15299.759999999998,168.29736
5.0,712.1,17.3,12750.48,2944.53,3560.5,615.9665
81.0,577.69,8.1,33676.46,43002.67,46792.89000000001,3790.2240900000006
88.0,544.73,19.4,41542.22,38636.61,47936.240000000005,9299.63056
97.0,990.64,10.6,27265.72,85906.32,96092.08,10185.760479999999
26.0,889.2,11.8,23837.34,20391.13,23119.2,2728.0656
54.0,223.09,6.5,15563.09,11263.81,12046.86,783.0459
29.0,899.07,21.1,23267.87,20571.62,26073.030000000002,5501.40933
82.0,801.25,4.5,32358.39,62745.89,65702.5,2956.6125
89.0,482.01,27.1,23036.03,31273.29,42898.89,11625.59919
98.0,245.39,26.3,46105.59,17723.54,24048.219999999998,6324.68186
22.0,493.18,10.1,26601.01,9754.11,10849.960000000001,1095.84596
60.0,569.67,16.5,16781.59,28540.47,34180.2,5639.732999999999
87.0,943.53,7.5,33864.8,75930.58,82087.11,6156.5332499999995
60.0,525.51,29.8,19664.54,22134.48,31530.6,9396.1188
83.0,299.93,14.1,44056.94,21384.11,24894.190000000002,3510.0807900000004
2.0,803.66,22.0,48131.74,1253.71,1607.32,353.6104
18.0,345.21,5.3,7332.29,5884.45,6213.78,329.33034
58.0,964.17,18.8,39825.88,45408.55,55921.86,10513.30968
44.0,82.07,15.1,49423.92,3065.81,3611.08,545.2730799999999
14.0,734.15,6.6,47664.43,9599.75,10278.1,678.3545999999999
25.0,215.5,5.6,46095.24,5085.8,5387.5,301.7
79.0,401.44,18.4,29590.19,25878.43,31713.76,5835.331839999999
26.0,91.12,28.3,48059.76,1698.66,2369.12,670.46096
37.0,973.01,26.8,38310.42,26353.0,36001.37,9648.367160000002
42.0,231.75,5.2,36217.52,9227.36,9733.5,506.14200000000005
63.0,490.41,14.5,17903.07,26415.93,30895.83,4479.895350000001
29.0,707.88,8.8,42714.68,18722.01,20528.52,1806.5097600000001
82.0,477.83,11.3,45520.53,34754.49,39182.06,4427.5727799999995
30.0,960.7,26.3,27647.29,21241.08,28821.0,7579.923000000001
9.0,82.66,18.9,45713.39,603.34,743.9399999999999,140.60466
52.0,178.62,4.9,18793.86,11211.26,9288.24,455.12376000000006
67.0,381.84,4.9,29557.02,24329.7,25583.28,1253.58072
28.0,106.64,11.9,17141.01,2630.6,2985.92,355.32448000000005
91.0,861.41,28.8,13641.35,55812.48,78388.31,22575.833280000003
70.0,854.96,25.3,3146.18,44705.86,59847.200000000004,15141.341600000002
34.0,569.59,7.5,20185.54,17913.61,19366.06,1452.4545
23.0,426.67,12.0,18799.25,8635.8,9813.41,1177.6091999999999
54.0,246.13,18.0,26648.89,10898.64,13291.02,2392.3836
20.0,558.7,15.2,42103.21,9475.55,11174.0,1698.4479999999999
52.0,439.32,28.2,48636.69,16402.45,22844.64,6442.18848
30.0,164.75,20.1,17342.82,3949.06,4942.5,993.4425
81.0,548.1,15.8,8692.93,37381.52,44396.1,7014.5838
51.0,574.7,8.8,13213.36,26730.45,29309.7,2579.2536
79.0,178.61,7.4,36876.86,13066.04,14110.19,1044.15406
9.0,682.73,8.9,15034.3,5597.7,6144.57,546.8667300000001
79.0,785.28,10.5,8687.73,55523.22,62037.119999999995,6513.8976
52.0,66.29,2.6,11557.6,3357.46,3447.0800000000004,89.62408
51.0,369.25,17.9,29259.62,15460.87,18831.75,3370.8832499999994
64.0,896.51,20.8,10424.58,45442.3,57376.64,11934.34112
61.0,423.96,8.3,41294.75,23715.05,25861.559999999998,2146.50948
95.0,651.76,5.4,2999.01,58573.67,61917.2,3343.5288
65.0,357.27,9.7,29695.59,20969.96,23222.55,2252.58735
19.0,640.8,27.5,9372.57,8827.02,12175.199999999999,3348.1799999999994
36.0,438.81,5.3,38798.31,14959.91,15797.16,837.24948
34.0,356.82,3.3,40939.86,11731.53,12131.88,400.35204
92.0,306.7,5.8,39828.52,26579.85,28216.399999999998,1636.5511999999999
38.0,889.8,10.5,32059.33,30262.1,33812.4,3550.302
65.0,684.41,20.4,27474.44,35411.37,44486.65,9075.2766
72.0,638.09,23.4,18770.09,35191.94,45942.48,10750.540320000002
91.0,412.16,20.6,38316.54,29780.21,37506.560000000005,7726.3513600000015
44.0,493.6,1.8,7927.62,21327.47,21718.4,390.93120000000005
94.0,525.44,17.7,5359.49,40649.09,49391.36000000001,8742.270720000002
70.0,103.15,7.5,42774.56,6678.96,7220.5,541.5375
45.0,366.41,27.5,16442.58,11954.13,16488.45,4534.32375
7.0,813.09,14.2,25913.99,4883.42,5691.63,808.21146
56.0,127.42,3.8,9158.64,6864.37,7135.52,271.14976
18.0,243.78,12.3,14255.41,3848.31,4388.04,539.72892
22.0,102.17,12.8,37582.29,1960.03,2247.7400000000002,287.71072000000004
18.0,431.35,1.6,16337.7,7640.07,7764.3,124.2288
69.0,364.32,17.4,23958.19,20764.05,25138.079999999998,4374.025919999999
11.0,664.34,22.8,49773.96,5641.58,7307.740000000001,1666.16472
51.0,673.77,18.3,6899.92,28073.97,34362.27,6288.29541
72.0,60.68,21.4,34214.6,3434.0,4368.96,934.9574399999999
47.0,310.12,25.0,6708.37,10931.73,14575.64,3643.91
58.0,513.11,8.6,1536.66,27200.99,29760.38,2559.39268
43.0,244.21,20.7,12617.2,8327.32,10501.03,2173.71321
95.0,459.69,12.9,33133.96,38037.05,43670.55,5633.500950000001
45.0,840.68,9.8,10873.76,34123.2,37830.6,3707.3988
46.0,668.94,4.7,7286.32,29324.99,30771.24,1446.24828
6.0,595.15,0.0,38799.54,3570.9,3570.8999999999996,0.0
62.0,490.0,24.9,5432.69,22815.38,30380.0,7564.62
51.0,506.4,9.9,22670.67,23269.59,25826.399999999998,2556.8136
9.0,445.14,28.5,6896.02,2864.48,4006.2599999999998,1141.7840999999999
50.0,273.56,27.7,42950.02,9889.19,13678.0,3788.8059999999996
84.0,513.66,2.0,38066.43,69883.09,43147.439999999995,862.9487999999999
93.0,862.4,28.3,48726.57,57505.69,80203.2,22697.5056
72.0,910.1,3.9,38878.59,62971.64,65527.200000000004,2555.5608
71.0,622.04,13.3,29137.53,38290.92,44164.84,5873.92372
40.0,338.93,21.6,12639.63,10628.84,13557.2,2928.3552
21.0,299.73,16.2,25017.235,5274.65,6294.33,1019.6814599999999
70.0,288.2,19.6,1594.12,16219.9,20174.0,3954.1040000000003
25.0,68.85,20.0,2506.25,1377.0,1721.2499999999998,344.24999999999994
87.0,77.25,19.5,21987.45,5410.2,6720.75,1310.54625
77.0,379.54,26.9,26725.64,21363.17,29224.58,7861.412020000001
75.0,823.51,26.2,14194.25,45581.28,61763.25,16181.9715
64.0,758.44,30.0,5173.22,33978.11,48540.16,14562.048
91.0,320.65,23.1,49070.18,22438.77,29179.149999999998,6740.38365
2.0,678.9,23.4,23026.53,1040.07,1357.8,317.7252
56.0,988.55,3.1,10769.84,53642.68,55358.799999999996,1716.1228
84.0,643.21,12.6,35202.31,47221.91,54029.64,6807.734639999999
14.0,708.77,0.3,33860.41,9893.01,9922.779999999999,29.768339999999995
51.0,101.9,3.4,4739.63,5020.21,5196.900000000001,176.69460000000004
52.0,826.12,20.7,39696.35,28824.98,42958.24,8892.35568
10.0,497.29,5.3,11144.8,4709.34,4972.900000000001,263.56370000000004
35.0,840.21,13.2,15696.99,25525.58,29407.350000000002,3881.7702000000004
80.0,70.53,16.6,6319.51,4705.76,5642.4,936.6383999999999
75.0,514.8,25.4,12303.11,28803.06,38610.0,9806.94
76.0,597.55,18.4,49668.49,37057.66,45413.799999999996,8356.139199999998
9.0,167.52,19.1,47617.93,1219.71,1507.68,287.96688
8.0,900.18,19.8,17022.74,5775.55,7201.44,1425.88512
64.0,537.5,3.3,40352.84,33264.8,34400.0,1135.2
8.0,327.66,16.4,7612.14,2584.58,2621.28,429.88991999999996
27.0,218.34,6.0,31139.08,5541.47,5895.18,353.7108
87.0,602.31,24.0,40869.67,39824.74,52400.969999999994,12576.232799999998
20.0,231.0,19.8,30987.51,3705.24,4620.0,914.76
76.0,320.8,10.1,5331.89,21918.34,24380.8,2462.4608
44.0,592.82,11.7,18013.69,23032.24,26084.08,3051.8373599999995
57.0,293.0,29.6,47950.33,11757.5,16701.0,4943.496
63.0,356.23,19.4,22727.76,18088.65,22442.49,4353.84306
27.0,99.05,18.6,48677.14,2176.92,2674.35,497.42910000000006
70.0,935.76,19.5,8369.25,52730.08,65503.2,12773.124
55.0,282.81,12.8,17621.06,13563.57,15554.55,1990.9823999999999
96.0,583.06,12.7,42721.3,48865.09,55973.759999999995,7108.667519999999
73.0,337.17,14.6,18066.83,21019.85,24613.41,3593.5578599999994
89.0,183.8,9.0,13534.75,14885.96,16358.2,1472.2380000000003
63.0,702.44,0.9,16334.55,43855.44,44253.72,398.28348000000005
57.0,513.66,9.1,4287.0,41640.04,29278.62,2664.3544199999997
68.0,544.01,28.9,6927.82,26301.8,36992.68,10690.88452
54.0,685.11,21.7,44784.33,28967.82,36995.94,8028.11898
25.0,187.8,21.9,14004.58,3666.8,4695.0,1028.205
46.0,168.32,23.0,12576.76,5961.89,7742.719999999999,1780.8256
96.0,494.75,28.5,36169.0,33959.64,47496.0,13536.36
52.0,694.31,11.5,16840.39,9831.43,36104.119999999995,4151.9738
84.0,776.22,20.1,46672.98,52096.78,65202.48,13105.698480000003
75.0,57.52,17.8,14347.98,3546.11,4314.0,767.8919999999999
21.0,183.35,27.7,11052.66,2783.8,3850.35,1066.54695
88.0,713.46,28.1,13062.96,45142.04,62784.48,17642.43888
56.0,813.29,27.6,26159.02,32974.03,45544.24,12570.21024
56.0,160.03,14.0,24885.11,7707.04,8961.68,1254.6352
6.0,381.73,0.7,9200.85,2274.35,2290.38,16.03266
65.0,605.92,23.6,21582.66,30089.99,39384.799999999996,9294.8128
30.0,598.75,3.8,5922.05,17279.92,17962.5,682.575
73.0,629.45,27.4,14865.94,33359.59,45949.850000000006,12590.2589
67.0,886.93,7.7,34151.77,54848.64,59424.31,4575.67187
47.0,151.05,1.3,17880.56,7007.06,7099.35,92.29155
92.0,140.61,13.0,14284.82,11254.42,12936.12,1681.6956
56.0,536.08,6.6,19478.18,28039.13,30020.480000000003,1981.35168
97.0,128.9,8.5,21695.1,11440.52,12503.300000000001,1062.7805
46.0,318.46,11.9,44254.73,12905.91,14649.16,1743.2500400000001
58.0,207.23,5.4,14529.37,11370.3,12019.34,649.04436
10.0,57.12,8.6,13098.64,522.08,571.1999999999999,49.12319999999999
34.0,905.68,14.3,25441.98,26389.7,30793.12,4403.41616
95.0,178.13,12.7,48771.93,14773.21,16922.35,2149.13845
56.0,53.78,17.5,49055.02,2484.64,3011.6800000000003,527.0440000000001
24.0,407.48,9.7,3293.18,8830.91,9779.52,948.61344
70.0,916.8,8.2,20354.66,58913.57,64176.0,5262.432
63.0,970.49,22.8,47701.68,47200.75,61140.87,13940.11836
22.0,309.82,2.1,14248.1,6672.9,6816.04,143.13684
80.0,792.24,25.2,17671.92,47407.64,63379.2,15971.558399999998
3.0,281.67,26.8,31577.6,618.55,845.01,226.46268
74.0,668.64,15.1,18485.63,42007.98,49479.36,7471.38336
7.0,567.87,28.3,24696.96,2850.14,3975.09,1124.95047
11.0,489.79,20.7,12899.32,4272.44,5387.6900000000005,1115.2518300000002
50.0,204.54,24.6,43126.52,7711.16,10227.0,2515.842
18.0,622.62,26.3,31050.84,8259.68,11207.16,2947.48308
53.0,464.76,8.2,34787.41,22612.43,24632.28,2019.8469599999996
44.0,829.89,1.4,10044.87,36003.95,36515.159999999996,511.21223999999995
8.0,687.74,11.3,4834.53,4880.2,5501.92,621.7169600000001
13.0,129.03,19.4,35261.85,1351.98,1677.39,325.41366
80.0,429.86,6.7,25490.29,32084.75,34388.8,2304.0496000000003
68.0,921.41,1.9,43217.08,61465.42,62655.88,1190.46172
56.0,520.25,26.9,24113.01,21296.95,29134.0,7837.045999999999
7.0,961.99,13.2,44626.29,5845.05,6733.93,888.87876
99.0,513.66,3.8,23103.22,72466.59,50852.34,1932.3889199999996
45.0,526.67,8.5,18866.64,21685.64,23700.149999999998,2014.5127499999999
32.0,642.8,10.3,36798.18,18450.93,20569.6,2118.6688
8.0,598.08,16.0,26852.87,4019.1,4784.64,765.5424
16.0,513.66,17.4,40030.03,6788.53,8218.56,1430.0294399999998
57.0,520.22,2.3,45668.22,28970.53,29652.54,682.0084199999999
12.0,781.9,28.4,23945.06,6718.08,9382.8,2664.7151999999996
76.0,518.07,26.1,23135.82,29096.88,39373.32000000001,10276.436520000003
78.0,431.33,22.4,33861.82,26107.54,33643.74,7536.197759999999
40.0,482.7,28.7,18586.0,13766.6,19308.0,5541.396
78.0,324.67,24.8,19587.95,19043.84,25324.260000000002,6280.416480000001
50.0,97.52,2.7,44308.88,4744.35,4876.0,131.65200000000002
14.0,592.6,24.2,25128.85,6288.67,8296.4,2007.7287999999999
39.0,245.04,29.1,30603.7,6775.6,9556.56,2780.95896
31.0,508.87,18.8,32954.61,12809.28,15774.97,2965.69436
10.0,323.5,17.4,15186.28,2672.11,3235.0,562.8899999999999
15.0,250.21,5.2,11174.43,3557.99,3753.15,195.1638
48.0,262.47,16.6,25375.55,10507.2,12598.560000000001,2091.3609600000004
19.0,750.14,9.1,42540.55,12955.67,14252.66,1296.9920599999998
90.0,556.79,28.3,27118.79,35929.66,50111.1,14181.441299999999
21.0,520.32,18.2,31877.73,8938.06,10926.720000000001,1988.6630400000001
65.0,706.5,20.9,35048.78,36324.7,45922.5,9597.802499999998
62.0,768.39,25.5,13216.51,35491.93,47640.18,12148.245900000002
58.0,843.78,15.2,1536.63,41500.48,48939.24,7438.76448
51.0,184.64,10.7,28269.49,8409.06,9416.64,1007.5804799999999
77.0,188.72,22.6,19745.01,11247.33,14531.44,3284.1054400000007
37.0,285.68,25.6,44617.08,7864.2,10570.16,2705.9609600000003
96.0,460.29,2.9,12767.4,42906.39,44187.840000000004,1281.4473600000001
65.0,757.48,28.3,32083.23,35302.36,49236.200000000004,13933.844600000002
52.0,702.05,26.4,37884.28,16017.97,36506.6,9637.7424
43.0,726.66,2.9,33484.61,30340.23,31246.379999999997,906.1450199999999
88.0,169.33,22.0,5697.37,11622.81,14901.04,3278.2288
35.0,475.33,8.6,44249.33,15205.81,16636.55,1430.7432999999999
52.0,667.4,3.1,4600.49,30395.4,34704.799999999996,1075.8488
36.0,658.24,8.1,34970.94,21777.21,23696.64,1919.4278399999998
62.0,290.95,18.7,16773.24,14665.63,18038.899999999998,3373.274299999999
